job_id,title,location,department,salary_range,company_profile,description,requirements,benefits,telecommuting,has_company_logo,has_questions,employment_type,required_experience,required_education,industry,function,fraudulent
1,Account Executive - Washington DC,"US, DC, Washington",Sales,,"Our passion for improving quality of life through geography is at the heart of everything we do.  Esri’s geographic information system (GIS) technology inspires and enables governments, universities and businesses worldwide to save money, lives and our environment through a deeper understanding of the changing world around them.Carefully managed growth and zero debt give Esri stability that is uncommon in today's volatile business world.  Privately held, we offer exceptional benefits, competitive salaries, 401(k) and profit-sharing programs, opportunities for personal and professional growth, and much more.","THE COMPANY: ESRI – Environmental Systems Research InstituteOur passion for improving quality of life through geography is at the heart of everything we do.  Esri’s geographic information system (GIS) technology inspires and enables governments, universities and businesses worldwide to save money, lives and our environment through a deeper understanding of the changing world around them.Carefully managed growth and zero debt give Esri stability that is uncommon in today's volatile business world.  Privately held, we offer exceptional benefits, competitive salaries, 401(k) and profit-sharing programs, opportunities for personal and professional growth, and much more.THE OPPORTUNITY: Account ExecutiveAs a member of the Sales Division, you will work collaboratively with an account team in order to sell and promote adoption of Esri’s ArcGIS platform within an organization. As part of an account team, you will be responsible for facilitating the development and execution of a set of strategies for a defined portfolio of accounts. When executing these strategies you will utilize your experience in enterprise sales to help customers leverage geospatial information and technology to achieve their business goals. Specifically…Prospect and develop opportunities to partner with key stakeholders to envision, develop, and implement a location strategy for their organizationClearly articulate the strength and value proposition of the ArcGIS platformDevelop and maintain a healthy pipeline of opportunities for business growthDemonstrate a thoughtful understanding of insightful industry knowledge and how GIS applies to initiatives, trends, and triggersUnderstand the key business drivers within an organization and identify key business stakeholdersUnderstand your customers’ budgeting and acquisition processesSuccessfully execute the account management process including account prioritization, account resourcing, and account planningSuccessfully execute the sales process for all opportunitiesLeverage and lead an account team consisting of sales and other cross-divisional resources to define and execute an account strategyEffectively utilize and leverage the CRM to manage opportunities and drive the buying processPursue professional and personal development to ensure competitive knowledge of the real estate industryLeverage social media to successfully prospect and build a professional networkParticipate in trade shows, workshops, and seminars (as required)Support visual story telling through effective whiteboard sessionsBe resourceful and takes initiative to resolve issues","EDUCATION: Bachelor’s or Master’s in GIS, business administration, or a related field, or equivalent work experience, depending on position levelEXPERIENCE: 5+ years of enterprise sales experience providing platform solutions to businessesDemonstrated experience in managing the sales cycle including prospecting, proposing, and closingAbility to adapt to new technology trends and translate them into solutions that address customer needsDemonstrated experience with strong partnerships and advocacy with customersExcellent presentation, white boarding, and negotiation skills including good listening, probing, and qualification abilitiesExperience executing insight selling methodologiesDemonstrated understanding and mitigation of competitive threatsExcellent written and verbal communication and interpersonal skillsAbility to manage and prioritize your activitiesDemonstrated experience to lead executive engagements to provide services and sell to the real estate industryKnowledge of the real estate industry fiscal year, budgeting, and procurement cycleHighly motivated team player with a mature, positive attitude and passion to meet the challenges and opportunities of a businessAbility to travel domestically and/or internationally up to 50%General knowledge of spatial analysis and problem solvingResults oriented; ability to write and craft smart, attainable, realistic, time-driven goals with clear lead indicators","Our culture is anything but corporate—we have a collaborative, creative environment; phone directories organized by first name; a relaxed dress code; and open-door policies.A Place to ThrivePassionate people who strive to make a differenceCasual dress codeFlexible work schedulesSupport for continuing educationCollege-Like CampusA network of buildings amid lush landscaping and numerous outdoor patio areasOn-site café including a Starbucks coffee bar and lounge areaFitness center available 24/7Comprehensive reference library and GIS bibliographyState-of-the-art conference center to host staff and guest speakers Green InitiativesSolar rooftop panels reduce carbon emissionsElectric vehicles provide on-campus transportationHundreds of trees reduce the cost of cooling buildings",0,1,0,Full-time,Mid-Senior level,Bachelor's Degree,Computer Software,Sales,0
2,Bill Review Manager,"US, FL, Fort Worth",,,"SpotSource Solutions LLC is a Global Human Capital Management Consulting firm headquartered in Miami, Florida. Founded in January 2012, SpotSource has created a fusion of innovative service offerings to meet the increasing demand of today’s economy. We specialize in Talent Acquisition, Staffing, and Executive Search Services across various functions and in specific industries. Global Talent Transfusion (GTT) services utilize best in practice qualification standards to deliver talent in temporary, temporary-to-hire, and permanent basis. Health Career Transition (HCT) is a subsidiary of Global Talent Transfusion and offers placement services specifically in the growing Healthcare arena. SpotSource Executive Search (SES) Consultants are special breed talent evangelists that understand how to advise and streamline the human resources process in the direction your organization requires for long term sustainability and success. Succession Planning. Leadership Development Programs. Compensation Analysis. Recruitment Process Outsourcing. All customized to best suit the needs of your business. We understand the demand for cost-effective solutions for your organization. Are you seeking a potential career transition and interested in discussing the current hiring trends and open positions? Vital Career Consulting (VCC) offers career transitional services catered specifically for the job applicant, including Resume Construction, Social Media Optimization, and Interview Coaching.Address:4100 N Powerline Rd. Ste Z3Pompano Beach FL 33073Office: #PHONE_c90b6ca89acd18d9e31ea3590b4ad76605721bc372025598fe9e1e60cf428551#","JOB TITLE: Itemization Review ManagerLOCATION: Fort Worth, TX                                                           DEPARTMENT: Itemization ReviewREPORTS TO: VP Operations                            GENERAL DESCRIPTION:Responsible for the overall aspects of Itemization Review operations: Personnel Hiring, Quality Control of Process, Workflow, monitoring the tracking of and accountability of staff regarding production standards and department expectations.DUTIES AND RESPONSIBILITIES:Oversee company’s Itemization Review department in its operationsResponsible for encouraging and reinforcing company cultureDevelops processes to better department and implements new procedures/protocols Works with Customer Service on elevated issues and provider callsImplements and Audits policy in conjunction with Policy and Payment Integrity department Monitoring quality/and quality control of results for department Responsible for ensuring overall metrics are in compliance with management and client expectationsResponsible for human resources matters directly related to department supervised (i.e. Interviewing, Hiring, Training, annual evaluations, electronic time cards, and addressing personnel issues)May create/review daily, weekly, monthly reports, invoices, logs and expensesAdditional duties/responsibilities as assigned Comply with all safety rules/regulations, in conjunction with the Injury and Illness Prevention Program (“IIPP”), as well as, maintain HIPAA complianceOccasional interaction with customers ","QUALIFICATIONS:RN license in the State of TexasDiploma or Bachelors of Science in Nursing, requiredPast managerial experience, preferred6 + years’ experience as OR NurseExperience with facility bills helpfulStrong knowledge of ICD9/CPTKnowledge of Fee Schedules, Rules and R&amp;C GuidelinesMust be able to remain poised in stressful situationsHighly Motivated, Self-StarterExceptional organizational skillsAbility to handle deadlines and proactively problem solveEffective and professional communication skillsAbility to meet or exceed Performance CompetenciesDemonstrated outstanding leadership, problem solving, and analytical skillsAbility to think and work independently, while working in an overall team environmentProficient in Microsoft Office Suite",Full Benefits Offered,0,1,1,Full-time,Mid-Senior level,Bachelor's Degree,Hospital & Health Care,Health Care Provider,0
3,Head of Content (m/f),"DE, BE, Berlin",ANDROIDPIT,20000-28000,"Founded in 2009, the Fonpit AG rose with its international web portal ANDROIDPIT to the world's largest Android community. Every month over 18 Million Android and tech enthusiasts around the world log into ANDROIDPIT , where they know they'll find the latest and most innovative information about Android and Android-Apps in 6 different languages. Our business activities consist of close collaboration with many of the world's largest tech, web and mobile companies.In 2014, APP MEDIA amended Fonpit AG’s brand portfolio. As a one-stop shop for app marketing,APP MEDIA delivers quality performance marketing for apps to give clients the most successful campaigns possible with custom concepts and sustainable results.Located in the heart of Berlin, we are constantly looking for highly motivated and success driven personalities to help ANDROIDPIT and APP MEDIA grow even further.",Your Responsibilities: Manage the English-speaking editorial team and build a team of best-in-class editorsSet up content creation schedules and ensure deadlines are adhered toResearch and write about the latest tech topics and news in relation to the Android ecosystemEnsure that the content on the site is of a consistently high qualityBe the face and voice of #URL_874846adb69d98865d05ec57ce2425d9e363ef71e0c8436e59e86a136a508716#,"Your Know-How:                                                                                                                                                               University or college degree in journalism, media or other communication studiesProfessional experience in relevant fields, e.g. online editorial, community management, tech writing…Possession of contacts within key companies in the mobile industryExperience in leading &amp; motivating small teamsPassion for the Android world, honed writing skills with a personal flair, and willingness to share your Android knowledgeStrong commitment to success and a motivating and inspiring personality.Comfortable in a dynamic startup environmentEnglish native speakerLocated in Berlin or surroundings","Your Benefits: Being part of a fast-growing company in a booming industryFast decision-making thanks to flat hierarchies and clear structuresFreedom to unfold your own ideas &amp; creativity and to take over responsibility right from the startContinued growth in a successful, international team, which thrives in a familiar, but professional, working atmosphereFree drinks, table tennis, lunch catering, Feel Good Management, team events, office dogs and more",0,1,1,Full-time,Mid-Senior level,Master's Degree,Online Media,Management,0
4,Customer Service Associate - Part Time ,"US, AZ, Phoenix",,,"Novitex Enterprise Solutions, formerly Pitney Bowes Management Services, delivers innovative document and communications management solutions that help companies around the world drive business process efficiencies, increase productivity, reduce costs and improve customer satisfaction. For almost 30 years, clients have turned to us to integrate and optimize their enterprise-wide business processes to empower employees, increase productivity and maximize results. As a trusted partner, we continually focus on delivering secure, technology-enabled document and communications solutions that improve our clients' work processes, enhance their customer interactions and drive growth.","The Customer Service Associate will be based in Phoenix, AZ. The right candidate will be an integral part of our talented team, supporting our continued growth.Responsibilities:Perform various Mail Center activities (sorting, metering, folding, inserting, delivery, pickup, etc.)Lift heavy boxes, files or paper when neededMaintain the highest levels of customer care while demonstrating a friendly and cooperative attitudeDemonstrate flexibility in satisfying customer demands in a high volume, production environmentConsistently adhere to business procedure guidelinesAdhere to all safety proceduresTake direction from supervisor or site managerMaintain all logs and reporting documentation; attention to detailParticipate in cross-training and perform other duties as assigned (Filing, outgoing shipments, etc)Operating mailing, copy or scanning equipmentShipping &amp; ReceivingHandle time-sensitive material like confidential, urgent packagesPerform other tasks as assignedScanning incoming mail to recipientsPerform file purges and pullsCreate files and ship filesProvide backfill when neededEnter information daily into spreadsheetsIdentify charges and match them to billingSort and deliver mail, small packages ","Minimum Requirements:Minimum of 6 months customer service related experience requiredHigh school diploma or equivalent (GED) requiredValid Driver's License and good driving record requiredPreferred Qualifications:Keyboarding and windows environment PC skills required (Word, Excel and PowerPoint preferred)Experience running mail posting equipment a plusExcellent communication skills both verbal and writtenLifting up to 55 lbs with or without accommodationsWillingness and availability to work additional hours if assignedWillingness to submit to a pre-employment drug screening and criminal background checkAbility to effectively work individually or in a team environmentCompetency in performing multiple functional tasksAbility to meet employer's attendance policy",,0,1,0,Part-time,Entry level,High School or equivalent,Financial Services,Customer Service,0
5,ABC,"Canberra, Australia",,100000-120000,,customer service,,bonus available,0,0,0,Full-time,Mid-Senior level,Bachelor's Degree,Information Technology and Services,Information Technology,1
6,Account Executive - Washington DC,"US, DC, Washington",Sales,,"Our passion for improving quality of life through geography is at the heart of everything we do.  Esri’s geographic information system (GIS) technology inspires and enables governments, universities and businesses worldwide to save money, lives and our environment through a deeper understanding of the changing world around them.Carefully managed growth and zero debt give Esri stability that is uncommon in today's volatile business world.  Privately held, we offer exceptional benefits, competitive salaries, 401(k) and profit-sharing programs, opportunities for personal and professional growth, and much more.","THE COMPANY: ESRI – Environmental Systems Research InstituteOur passion for improving quality of life through geography is at the heart of everything we do.  Esri’s geographic information system (GIS) technology inspires and enables governments, universities and businesses worldwide to save money, lives and our environment through a deeper understanding of the changing world around them.Carefully managed growth and zero debt give Esri stability that is uncommon in today's volatile business world.  Privately held, we offer exceptional benefits, competitive salaries, 401(k) and profit-sharing programs, opportunities for personal and professional growth, and much more.THE OPPORTUNITY: Account ExecutiveAs a member of the Sales Division, you will work collaboratively with an account team in order to sell and promote adoption of Esri’s ArcGIS platform within an organization. As part of an account team, you will be responsible for facilitating the development and execution of a set of strategies for a defined portfolio of accounts. When executing these strategies you will utilize your experience in enterprise sales to help customers leverage geospatial information and technology to achieve their business goals. Specifically…Prospect and develop opportunities to partner with key stakeholders to envision, develop, and implement a location strategy for their organizationClearly articulate the strength and value proposition of the ArcGIS platformDevelop and maintain a healthy pipeline of opportunities for business growthDemonstrate a thoughtful understanding of insightful industry knowledge and how GIS applies to initiatives, trends, and triggersUnderstand the key business drivers within an organization and identify key business stakeholdersUnderstand your customers’ budgeting and acquisition processesSuccessfully execute the account management process including account prioritization, account resourcing, and account planningSuccessfully execute the sales process for all opportunitiesLeverage and lead an account team consisting of sales and other cross-divisional resources to define and execute an account strategyEffectively utilize and leverage the CRM to manage opportunities and drive the buying processPursue professional and personal development to ensure competitive knowledge of the real estate industryLeverage social media to successfully prospect and build a professional networkParticipate in trade shows, workshops, and seminars (as required)Support visual story telling through effective whiteboard sessionsBe resourceful and takes initiative to resolve issues","EDUCATION: Bachelor’s or Master’s in GIS, business administration, or a related field, or equivalent work experience, depending on position levelEXPERIENCE: 5+ years of enterprise sales experience providing platform solutions to businessesDemonstrated experience in managing the sales cycle including prospecting, proposing, and closingAbility to adapt to new technology trends and translate them into solutions that address customer needsDemonstrated experience with strong partnerships and advocacy with customersExcellent presentation, white boarding, and negotiation skills including good listening, probing, and qualification abilitiesExperience executing insight selling methodologiesDemonstrated understanding and mitigation of competitive threatsExcellent written and verbal communication and interpersonal skillsAbility to manage and prioritize your activitiesDemonstrated experience to lead executive engagements to provide services and sell to the real estate industryKnowledge of the real estate industry fiscal year, budgeting, and procurement cycleHighly motivated team player with a mature, positive attitude and passion to meet the challenges and opportunities of a businessAbility to travel domestically and/or internationally up to 50%General knowledge of spatial analysis and problem solvingResults oriented; ability to write and craft smart, attainable, realistic, time-driven goals with clear lead indicators","Our culture is anything but corporate—we have a collaborative, creative environment; phone directories organized by first name; a relaxed dress code; and open-door policies.A Place to ThrivePassionate people who strive to make a differenceCasual dress codeFlexible work schedulesSupport for continuing educationCollege-Like CampusA network of buildings amid lush landscaping and numerous outdoor patio areasOn-site café including a Starbucks coffee bar and lounge areaFitness center available 24/7Comprehensive reference library and GIS bibliographyState-of-the-art conference center to host staff and guest speakers Green InitiativesSolar rooftop panels reduce carbon emissionsElectric vehicles provide on-campus transportationHundreds of trees reduce the cost of cooling buildings",0,1,0,Full-time,Mid-Senior level,Bachelor's Degree,Computer Software,Sales,0
7,Bill Review Manager,"US, FL, Fort Worth",,,"SpotSource Solutions LLC is a Global Human Capital Management Consulting firm headquartered in Miami, Florida. Founded in January 2012, SpotSource has created a fusion of innovative service offerings to meet the increasing demand of today’s economy. We specialize in Talent Acquisition, Staffing, and Executive Search Services across various functions and in specific industries. Global Talent Transfusion (GTT) services utilize best in practice qualification standards to deliver talent in temporary, temporary-to-hire, and permanent basis. Health Career Transition (HCT) is a subsidiary of Global Talent Transfusion and offers placement services specifically in the growing Healthcare arena. SpotSource Executive Search (SES) Consultants are special breed talent evangelists that understand how to advise and streamline the human resources process in the direction your organization requires for long term sustainability and success. Succession Planning. Leadership Development Programs. Compensation Analysis. Recruitment Process Outsourcing. All customized to best suit the needs of your business. We understand the demand for cost-effective solutions for your organization. Are you seeking a potential career transition and interested in discussing the current hiring trends and open positions? Vital Career Consulting (VCC) offers career transitional services catered specifically for the job applicant, including Resume Construction, Social Media Optimization, and Interview Coaching.Address:4100 N Powerline Rd. Ste Z3Pompano Beach FL 33073Office: #PHONE_c90b6ca89acd18d9e31ea3590b4ad76605721bc372025598fe9e1e60cf428551#","JOB TITLE: Itemization Review ManagerLOCATION: Fort Worth, TX                                                           DEPARTMENT: Itemization ReviewREPORTS TO: VP Operations                            GENERAL DESCRIPTION:Responsible for the overall aspects of Itemization Review operations: Personnel Hiring, Quality Control of Process, Workflow, monitoring the tracking of and accountability of staff regarding production standards and department expectations.DUTIES AND RESPONSIBILITIES:Oversee company’s Itemization Review department in its operationsResponsible for encouraging and reinforcing company cultureDevelops processes to better department and implements new procedures/protocols Works with Customer Service on elevated issues and provider callsImplements and Audits policy in conjunction with Policy and Payment Integrity department Monitoring quality/and quality control of results for department Responsible for ensuring overall metrics are in compliance with management and client expectationsResponsible for human resources matters directly related to department supervised (i.e. Interviewing, Hiring, Training, annual evaluations, electronic time cards, and addressing personnel issues)May create/review daily, weekly, monthly reports, invoices, logs and expensesAdditional duties/responsibilities as assigned Comply with all safety rules/regulations, in conjunction with the Injury and Illness Prevention Program (“IIPP”), as well as, maintain HIPAA complianceOccasional interaction with customers ","QUALIFICATIONS:RN license in the State of TexasDiploma or Bachelors of Science in Nursing, requiredPast managerial experience, preferred6 + years’ experience as OR NurseExperience with facility bills helpfulStrong knowledge of ICD9/CPTKnowledge of Fee Schedules, Rules and R&amp;C GuidelinesMust be able to remain poised in stressful situationsHighly Motivated, Self-StarterExceptional organizational skillsAbility to handle deadlines and proactively problem solveEffective and professional communication skillsAbility to meet or exceed Performance CompetenciesDemonstrated outstanding leadership, problem solving, and analytical skillsAbility to think and work independently, while working in an overall team environmentProficient in Microsoft Office Suite",Full Benefits Offered,0,1,1,Full-time,Mid-Senior level,Bachelor's Degree,Hospital & Health Care,Health Care Provider,0
8,Head of Content (m/f),"DE, BE, Berlin",ANDROIDPIT,20000-28000,"Founded in 2009, the Fonpit AG rose with its international web portal ANDROIDPIT to the world's largest Android community. Every month over 18 Million Android and tech enthusiasts around the world log into ANDROIDPIT , where they know they'll find the latest and most innovative information about Android and Android-Apps in 6 different languages. Our business activities consist of close collaboration with many of the world's largest tech, web and mobile companies.In 2014, APP MEDIA amended Fonpit AG’s brand portfolio. As a one-stop shop for app marketing,APP MEDIA delivers quality performance marketing for apps to give clients the most successful campaigns possible with custom concepts and sustainable results.Located in the heart of Berlin, we are constantly looking for highly motivated and success driven personalities to help ANDROIDPIT and APP MEDIA grow even further.",Your Responsibilities: Manage the English-speaking editorial team and build a team of best-in-class editorsSet up content creation schedules and ensure deadlines are adhered toResearch and write about the latest tech topics and news in relation to the Android ecosystemEnsure that the content on the site is of a consistently high qualityBe the face and voice of #URL_874846adb69d98865d05ec57ce2425d9e363ef71e0c8436e59e86a136a508716#,"Your Know-How:                                                                                                                                                               University or college degree in journalism, media or other communication studiesProfessional experience in relevant fields, e.g. online editorial, community management, tech writing…Possession of contacts within key companies in the mobile industryExperience in leading &amp; motivating small teamsPassion for the Android world, honed writing skills with a personal flair, and willingness to share your Android knowledgeStrong commitment to success and a motivating and inspiring personality.Comfortable in a dynamic startup environmentEnglish native speakerLocated in Berlin or surroundings","Your Benefits: Being part of a fast-growing company in a booming industryFast decision-making thanks to flat hierarchies and clear structuresFreedom to unfold your own ideas &amp; creativity and to take over responsibility right from the startContinued growth in a successful, international team, which thrives in a familiar, but professional, working atmosphereFree drinks, table tennis, lunch catering, Feel Good Management, team events, office dogs and more",0,1,1,Full-time,Mid-Senior level,Master's Degree,Online Media,Management,0
9,Customer Service Associate - Part Time ,"US, AZ, Phoenix",,,"Novitex Enterprise Solutions, formerly Pitney Bowes Management Services, delivers innovative document and communications management solutions that help companies around the world drive business process efficiencies, increase productivity, reduce costs and improve customer satisfaction. For almost 30 years, clients have turned to us to integrate and optimize their enterprise-wide business processes to empower employees, increase productivity and maximize results. As a trusted partner, we continually focus on delivering secure, technology-enabled document and communications solutions that improve our clients' work processes, enhance their customer interactions and drive growth.","The Customer Service Associate will be based in Phoenix, AZ. The right candidate will be an integral part of our talented team, supporting our continued growth.Responsibilities:Perform various Mail Center activities (sorting, metering, folding, inserting, delivery, pickup, etc.)Lift heavy boxes, files or paper when neededMaintain the highest levels of customer care while demonstrating a friendly and cooperative attitudeDemonstrate flexibility in satisfying customer demands in a high volume, production environmentConsistently adhere to business procedure guidelinesAdhere to all safety proceduresTake direction from supervisor or site managerMaintain all logs and reporting documentation; attention to detailParticipate in cross-training and perform other duties as assigned (Filing, outgoing shipments, etc)Operating mailing, copy or scanning equipmentShipping &amp; ReceivingHandle time-sensitive material like confidential, urgent packagesPerform other tasks as assignedScanning incoming mail to recipientsPerform file purges and pullsCreate files and ship filesProvide backfill when neededEnter information daily into spreadsheetsIdentify charges and match them to billingSort and deliver mail, small packages ","Minimum Requirements:Minimum of 6 months customer service related experience requiredHigh school diploma or equivalent (GED) requiredValid Driver's License and good driving record requiredPreferred Qualifications:Keyboarding and windows environment PC skills required (Word, Excel and PowerPoint preferred)Experience running mail posting equipment a plusExcellent communication skills both verbal and writtenLifting up to 55 lbs with or without accommodationsWillingness and availability to work additional hours if assignedWillingness to submit to a pre-employment drug screening and criminal background checkAbility to effectively work individually or in a team environmentCompetency in performing multiple functional tasksAbility to meet employer's attendance policy",,0,1,0,Part-time,Entry level,High School or equivalent,Financial Services,Customer Service,0
10,ABC,"Canberra, Australia",,100000-120000,,customer service,,bonus available,0,0,0,Full-time,Mid-Senior level,Bachelor's Degree,Information Technology and Services,Information Technology,1
11,Account Executive - Washington DC,"US, DC, Washington",Sales,,"Our passion for improving quality of life through geography is at the heart of everything we do.  Esri’s geographic information system (GIS) technology inspires and enables governments, universities and businesses worldwide to save money, lives and our environment through a deeper understanding of the changing world around them.Carefully managed growth and zero debt give Esri stability that is uncommon in today's volatile business world.  Privately held, we offer exceptional benefits, competitive salaries, 401(k) and profit-sharing programs, opportunities for personal and professional growth, and much more.","THE COMPANY: ESRI – Environmental Systems Research InstituteOur passion for improving quality of life through geography is at the heart of everything we do.  Esri’s geographic information system (GIS) technology inspires and enables governments, universities and businesses worldwide to save money, lives and our environment through a deeper understanding of the changing world around them.Carefully managed growth and zero debt give Esri stability that is uncommon in today's volatile business world.  Privately held, we offer exceptional benefits, competitive salaries, 401(k) and profit-sharing programs, opportunities for personal and professional growth, and much more.THE OPPORTUNITY: Account ExecutiveAs a member of the Sales Division, you will work collaboratively with an account team in order to sell and promote adoption of Esri’s ArcGIS platform within an organization. As part of an account team, you will be responsible for facilitating the development and execution of a set of strategies for a defined portfolio of accounts. When executing these strategies you will utilize your experience in enterprise sales to help customers leverage geospatial information and technology to achieve their business goals. Specifically…Prospect and develop opportunities to partner with key stakeholders to envision, develop, and implement a location strategy for their organizationClearly articulate the strength and value proposition of the ArcGIS platformDevelop and maintain a healthy pipeline of opportunities for business growthDemonstrate a thoughtful understanding of insightful industry knowledge and how GIS applies to initiatives, trends, and triggersUnderstand the key business drivers within an organization and identify key business stakeholdersUnderstand your customers’ budgeting and acquisition processesSuccessfully execute the account management process including account prioritization, account resourcing, and account planningSuccessfully execute the sales process for all opportunitiesLeverage and lead an account team consisting of sales and other cross-divisional resources to define and execute an account strategyEffectively utilize and leverage the CRM to manage opportunities and drive the buying processPursue professional and personal development to ensure competitive knowledge of the real estate industryLeverage social media to successfully prospect and build a professional networkParticipate in trade shows, workshops, and seminars (as required)Support visual story telling through effective whiteboard sessionsBe resourceful and takes initiative to resolve issues","EDUCATION: Bachelor’s or Master’s in GIS, business administration, or a related field, or equivalent work experience, depending on position levelEXPERIENCE: 5+ years of enterprise sales experience providing platform solutions to businessesDemonstrated experience in managing the sales cycle including prospecting, proposing, and closingAbility to adapt to new technology trends and translate them into solutions that address customer needsDemonstrated experience with strong partnerships and advocacy with customersExcellent presentation, white boarding, and negotiation skills including good listening, probing, and qualification abilitiesExperience executing insight selling methodologiesDemonstrated understanding and mitigation of competitive threatsExcellent written and verbal communication and interpersonal skillsAbility to manage and prioritize your activitiesDemonstrated experience to lead executive engagements to provide services and sell to the real estate industryKnowledge of the real estate industry fiscal year, budgeting, and procurement cycleHighly motivated team player with a mature, positive attitude and passion to meet the challenges and opportunities of a businessAbility to travel domestically and/or internationally up to 50%General knowledge of spatial analysis and problem solvingResults oriented; ability to write and craft smart, attainable, realistic, time-driven goals with clear lead indicators","Our culture is anything but corporate—we have a collaborative, creative environment; phone directories organized by first name; a relaxed dress code; and open-door policies.A Place to ThrivePassionate people who strive to make a differenceCasual dress codeFlexible work schedulesSupport for continuing educationCollege-Like CampusA network of buildings amid lush landscaping and numerous outdoor patio areasOn-site café including a Starbucks coffee bar and lounge areaFitness center available 24/7Comprehensive reference library and GIS bibliographyState-of-the-art conference center to host staff and guest speakers Green InitiativesSolar rooftop panels reduce carbon emissionsElectric vehicles provide on-campus transportationHundreds of trees reduce the cost of cooling buildings",0,1,0,Full-time,Mid-Senior level,Bachelor's Degree,Computer Software,Sales,0
12,Bill Review Manager,"US, FL, Fort Worth",,,"SpotSource Solutions LLC is a Global Human Capital Management Consulting firm headquartered in Miami, Florida. Founded in January 2012, SpotSource has created a fusion of innovative service offerings to meet the increasing demand of today’s economy. We specialize in Talent Acquisition, Staffing, and Executive Search Services across various functions and in specific industries. Global Talent Transfusion (GTT) services utilize best in practice qualification standards to deliver talent in temporary, temporary-to-hire, and permanent basis. Health Career Transition (HCT) is a subsidiary of Global Talent Transfusion and offers placement services specifically in the growing Healthcare arena. SpotSource Executive Search (SES) Consultants are special breed talent evangelists that understand how to advise and streamline the human resources process in the direction your organization requires for long term sustainability and success. Succession Planning. Leadership Development Programs. Compensation Analysis. Recruitment Process Outsourcing. All customized to best suit the needs of your business. We understand the demand for cost-effective solutions for your organization. Are you seeking a potential career transition and interested in discussing the current hiring trends and open positions? Vital Career Consulting (VCC) offers career transitional services catered specifically for the job applicant, including Resume Construction, Social Media Optimization, and Interview Coaching.Address:4100 N Powerline Rd. Ste Z3Pompano Beach FL 33073Office: #PHONE_c90b6ca89acd18d9e31ea3590b4ad76605721bc372025598fe9e1e60cf428551#","JOB TITLE: Itemization Review ManagerLOCATION: Fort Worth, TX                                                           DEPARTMENT: Itemization ReviewREPORTS TO: VP Operations                            GENERAL DESCRIPTION:Responsible for the overall aspects of Itemization Review operations: Personnel Hiring, Quality Control of Process, Workflow, monitoring the tracking of and accountability of staff regarding production standards and department expectations.DUTIES AND RESPONSIBILITIES:Oversee company’s Itemization Review department in its operationsResponsible for encouraging and reinforcing company cultureDevelops processes to better department and implements new procedures/protocols Works with Customer Service on elevated issues and provider callsImplements and Audits policy in conjunction with Policy and Payment Integrity department Monitoring quality/and quality control of results for department Responsible for ensuring overall metrics are in compliance with management and client expectationsResponsible for human resources matters directly related to department supervised (i.e. Interviewing, Hiring, Training, annual evaluations, electronic time cards, and addressing personnel issues)May create/review daily, weekly, monthly reports, invoices, logs and expensesAdditional duties/responsibilities as assigned Comply with all safety rules/regulations, in conjunction with the Injury and Illness Prevention Program (“IIPP”), as well as, maintain HIPAA complianceOccasional interaction with customers ","QUALIFICATIONS:RN license in the State of TexasDiploma or Bachelors of Science in Nursing, requiredPast managerial experience, preferred6 + years’ experience as OR NurseExperience with facility bills helpfulStrong knowledge of ICD9/CPTKnowledge of Fee Schedules, Rules and R&amp;C GuidelinesMust be able to remain poised in stressful situationsHighly Motivated, Self-StarterExceptional organizational skillsAbility to handle deadlines and proactively problem solveEffective and professional communication skillsAbility to meet or exceed Performance CompetenciesDemonstrated outstanding leadership, problem solving, and analytical skillsAbility to think and work independently, while working in an overall team environmentProficient in Microsoft Office Suite",Full Benefits Offered,0,1,1,Full-time,Mid-Senior level,Bachelor's Degree,Hospital & Health Care,Health Care Provider,0
13,Head of Content (m/f),"DE, BE, Berlin",ANDROIDPIT,20000-28000,"Founded in 2009, the Fonpit AG rose with its international web portal ANDROIDPIT to the world's largest Android community. Every month over 18 Million Android and tech enthusiasts around the world log into ANDROIDPIT , where they know they'll find the latest and most innovative information about Android and Android-Apps in 6 different languages. Our business activities consist of close collaboration with many of the world's largest tech, web and mobile companies.In 2014, APP MEDIA amended Fonpit AG’s brand portfolio. As a one-stop shop for app marketing,APP MEDIA delivers quality performance marketing for apps to give clients the most successful campaigns possible with custom concepts and sustainable results.Located in the heart of Berlin, we are constantly looking for highly motivated and success driven personalities to help ANDROIDPIT and APP MEDIA grow even further.",Your Responsibilities: Manage the English-speaking editorial team and build a team of best-in-class editorsSet up content creation schedules and ensure deadlines are adhered toResearch and write about the latest tech topics and news in relation to the Android ecosystemEnsure that the content on the site is of a consistently high qualityBe the face and voice of #URL_874846adb69d98865d05ec57ce2425d9e363ef71e0c8436e59e86a136a508716#,"Your Know-How:                                                                                                                                                               University or college degree in journalism, media or other communication studiesProfessional experience in relevant fields, e.g. online editorial, community management, tech writing…Possession of contacts within key companies in the mobile industryExperience in leading &amp; motivating small teamsPassion for the Android world, honed writing skills with a personal flair, and willingness to share your Android knowledgeStrong commitment to success and a motivating and inspiring personality.Comfortable in a dynamic startup environmentEnglish native speakerLocated in Berlin or surroundings","Your Benefits: Being part of a fast-growing company in a booming industryFast decision-making thanks to flat hierarchies and clear structuresFreedom to unfold your own ideas &amp; creativity and to take over responsibility right from the startContinued growth in a successful, international team, which thrives in a familiar, but professional, working atmosphereFree drinks, table tennis, lunch catering, Feel Good Management, team events, office dogs and more",0,1,1,Full-time,Mid-Senior level,Master's Degree,Online Media,Management,0
14,Customer Service Associate - Part Time ,"US, AZ, Phoenix",,,"Novitex Enterprise Solutions, formerly Pitney Bowes Management Services, delivers innovative document and communications management solutions that help companies around the world drive business process efficiencies, increase productivity, reduce costs and improve customer satisfaction. For almost 30 years, clients have turned to us to integrate and optimize their enterprise-wide business processes to empower employees, increase productivity and maximize results. As a trusted partner, we continually focus on delivering secure, technology-enabled document and communications solutions that improve our clients' work processes, enhance their customer interactions and drive growth.","The Customer Service Associate will be based in Phoenix, AZ. The right candidate will be an integral part of our talented team, supporting our continued growth.Responsibilities:Perform various Mail Center activities (sorting, metering, folding, inserting, delivery, pickup, etc.)Lift heavy boxes, files or paper when neededMaintain the highest levels of customer care while demonstrating a friendly and cooperative attitudeDemonstrate flexibility in satisfying customer demands in a high volume, production environmentConsistently adhere to business procedure guidelinesAdhere to all safety proceduresTake direction from supervisor or site managerMaintain all logs and reporting documentation; attention to detailParticipate in cross-training and perform other duties as assigned (Filing, outgoing shipments, etc)Operating mailing, copy or scanning equipmentShipping &amp; ReceivingHandle time-sensitive material like confidential, urgent packagesPerform other tasks as assignedScanning incoming mail to recipientsPerform file purges and pullsCreate files and ship filesProvide backfill when neededEnter information daily into spreadsheetsIdentify charges and match them to billingSort and deliver mail, small packages ","Minimum Requirements:Minimum of 6 months customer service related experience requiredHigh school diploma or equivalent (GED) requiredValid Driver's License and good driving record requiredPreferred Qualifications:Keyboarding and windows environment PC skills required (Word, Excel and PowerPoint preferred)Experience running mail posting equipment a plusExcellent communication skills both verbal and writtenLifting up to 55 lbs with or without accommodationsWillingness and availability to work additional hours if assignedWillingness to submit to a pre-employment drug screening and criminal background checkAbility to effectively work individually or in a team environmentCompetency in performing multiple functional tasksAbility to meet employer's attendance policy",,0,1,0,Part-time,Entry level,High School or equivalent,Financial Services,Customer Service,0
15,ABC,"Canberra, Australia",,100000-120000,,customer service,,bonus available,0,0,0,Full-time,Mid-Senior level,Bachelor's Degree,Information Technology and Services,Information Technology,1
16,Account Executive - Washington DC,"US, DC, Washington",Sales,,"Our passion for improving quality of life through geography is at the heart of everything we do.  Esri’s geographic information system (GIS) technology inspires and enables governments, universities and businesses worldwide to save money, lives and our environment through a deeper understanding of the changing world around them.Carefully managed growth and zero debt give Esri stability that is uncommon in today's volatile business world.  Privately held, we offer exceptional benefits, competitive salaries, 401(k) and profit-sharing programs, opportunities for personal and professional growth, and much more.","THE COMPANY: ESRI – Environmental Systems Research InstituteOur passion for improving quality of life through geography is at the heart of everything we do.  Esri’s geographic information system (GIS) technology inspires and enables governments, universities and businesses worldwide to save money, lives and our environment through a deeper understanding of the changing world around them.Carefully managed growth and zero debt give Esri stability that is uncommon in today's volatile business world.  Privately held, we offer exceptional benefits, competitive salaries, 401(k) and profit-sharing programs, opportunities for personal and professional growth, and much more.THE OPPORTUNITY: Account ExecutiveAs a member of the Sales Division, you will work collaboratively with an account team in order to sell and promote adoption of Esri’s ArcGIS platform within an organization. As part of an account team, you will be responsible for facilitating the development and execution of a set of strategies for a defined portfolio of accounts. When executing these strategies you will utilize your experience in enterprise sales to help customers leverage geospatial information and technology to achieve their business goals. Specifically…Prospect and develop opportunities to partner with key stakeholders to envision, develop, and implement a location strategy for their organizationClearly articulate the strength and value proposition of the ArcGIS platformDevelop and maintain a healthy pipeline of opportunities for business growthDemonstrate a thoughtful understanding of insightful industry knowledge and how GIS applies to initiatives, trends, and triggersUnderstand the key business drivers within an organization and identify key business stakeholdersUnderstand your customers’ budgeting and acquisition processesSuccessfully execute the account management process including account prioritization, account resourcing, and account planningSuccessfully execute the sales process for all opportunitiesLeverage and lead an account team consisting of sales and other cross-divisional resources to define and execute an account strategyEffectively utilize and leverage the CRM to manage opportunities and drive the buying processPursue professional and personal development to ensure competitive knowledge of the real estate industryLeverage social media to successfully prospect and build a professional networkParticipate in trade shows, workshops, and seminars (as required)Support visual story telling through effective whiteboard sessionsBe resourceful and takes initiative to resolve issues","EDUCATION: Bachelor’s or Master’s in GIS, business administration, or a related field, or equivalent work experience, depending on position levelEXPERIENCE: 5+ years of enterprise sales experience providing platform solutions to businessesDemonstrated experience in managing the sales cycle including prospecting, proposing, and closingAbility to adapt to new technology trends and translate them into solutions that address customer needsDemonstrated experience with strong partnerships and advocacy with customersExcellent presentation, white boarding, and negotiation skills including good listening, probing, and qualification abilitiesExperience executing insight selling methodologiesDemonstrated understanding and mitigation of competitive threatsExcellent written and verbal communication and interpersonal skillsAbility to manage and prioritize your activitiesDemonstrated experience to lead executive engagements to provide services and sell to the real estate industryKnowledge of the real estate industry fiscal year, budgeting, and procurement cycleHighly motivated team player with a mature, positive attitude and passion to meet the challenges and opportunities of a businessAbility to travel domestically and/or internationally up to 50%General knowledge of spatial analysis and problem solvingResults oriented; ability to write and craft smart, attainable, realistic, time-driven goals with clear lead indicators","Our culture is anything but corporate—we have a collaborative, creative environment; phone directories organized by first name; a relaxed dress code; and open-door policies.A Place to ThrivePassionate people who strive to make a differenceCasual dress codeFlexible work schedulesSupport for continuing educationCollege-Like CampusA network of buildings amid lush landscaping and numerous outdoor patio areasOn-site café including a Starbucks coffee bar and lounge areaFitness center available 24/7Comprehensive reference library and GIS bibliographyState-of-the-art conference center to host staff and guest speakers Green InitiativesSolar rooftop panels reduce carbon emissionsElectric vehicles provide on-campus transportationHundreds of trees reduce the cost of cooling buildings",0,1,0,Full-time,Mid-Senior level,Bachelor's Degree,Computer Software,Sales,0
17,Bill Review Manager,"US, FL, Fort Worth",,,"SpotSource Solutions LLC is a Global Human Capital Management Consulting firm headquartered in Miami, Florida. Founded in January 2012, SpotSource has created a fusion of innovative service offerings to meet the increasing demand of today’s economy. We specialize in Talent Acquisition, Staffing, and Executive Search Services across various functions and in specific industries. Global Talent Transfusion (GTT) services utilize best in practice qualification standards to deliver talent in temporary, temporary-to-hire, and permanent basis. Health Career Transition (HCT) is a subsidiary of Global Talent Transfusion and offers placement services specifically in the growing Healthcare arena. SpotSource Executive Search (SES) Consultants are special breed talent evangelists that understand how to advise and streamline the human resources process in the direction your organization requires for long term sustainability and success. Succession Planning. Leadership Development Programs. Compensation Analysis. Recruitment Process Outsourcing. All customized to best suit the needs of your business. We understand the demand for cost-effective solutions for your organization. Are you seeking a potential career transition and interested in discussing the current hiring trends and open positions? Vital Career Consulting (VCC) offers career transitional services catered specifically for the job applicant, including Resume Construction, Social Media Optimization, and Interview Coaching.Address:4100 N Powerline Rd. Ste Z3Pompano Beach FL 33073Office: #PHONE_c90b6ca89acd18d9e31ea3590b4ad76605721bc372025598fe9e1e60cf428551#","JOB TITLE: Itemization Review ManagerLOCATION: Fort Worth, TX                                                           DEPARTMENT: Itemization ReviewREPORTS TO: VP Operations                            GENERAL DESCRIPTION:Responsible for the overall aspects of Itemization Review operations: Personnel Hiring, Quality Control of Process, Workflow, monitoring the tracking of and accountability of staff regarding production standards and department expectations.DUTIES AND RESPONSIBILITIES:Oversee company’s Itemization Review department in its operationsResponsible for encouraging and reinforcing company cultureDevelops processes to better department and implements new procedures/protocols Works with Customer Service on elevated issues and provider callsImplements and Audits policy in conjunction with Policy and Payment Integrity department Monitoring quality/and quality control of results for department Responsible for ensuring overall metrics are in compliance with management and client expectationsResponsible for human resources matters directly related to department supervised (i.e. Interviewing, Hiring, Training, annual evaluations, electronic time cards, and addressing personnel issues)May create/review daily, weekly, monthly reports, invoices, logs and expensesAdditional duties/responsibilities as assigned Comply with all safety rules/regulations, in conjunction with the Injury and Illness Prevention Program (“IIPP”), as well as, maintain HIPAA complianceOccasional interaction with customers ","QUALIFICATIONS:RN license in the State of TexasDiploma or Bachelors of Science in Nursing, requiredPast managerial experience, preferred6 + years’ experience as OR NurseExperience with facility bills helpfulStrong knowledge of ICD9/CPTKnowledge of Fee Schedules, Rules and R&amp;C GuidelinesMust be able to remain poised in stressful situationsHighly Motivated, Self-StarterExceptional organizational skillsAbility to handle deadlines and proactively problem solveEffective and professional communication skillsAbility to meet or exceed Performance CompetenciesDemonstrated outstanding leadership, problem solving, and analytical skillsAbility to think and work independently, while working in an overall team environmentProficient in Microsoft Office Suite",Full Benefits Offered,0,1,1,Full-time,Mid-Senior level,Bachelor's Degree,Hospital & Health Care,Health Care Provider,0
18,Head of Content (m/f),"DE, BE, Berlin",ANDROIDPIT,20000-28000,"Founded in 2009, the Fonpit AG rose with its international web portal ANDROIDPIT to the world's largest Android community. Every month over 18 Million Android and tech enthusiasts around the world log into ANDROIDPIT , where they know they'll find the latest and most innovative information about Android and Android-Apps in 6 different languages. Our business activities consist of close collaboration with many of the world's largest tech, web and mobile companies.In 2014, APP MEDIA amended Fonpit AG’s brand portfolio. As a one-stop shop for app marketing,APP MEDIA delivers quality performance marketing for apps to give clients the most successful campaigns possible with custom concepts and sustainable results.Located in the heart of Berlin, we are constantly looking for highly motivated and success driven personalities to help ANDROIDPIT and APP MEDIA grow even further.",Your Responsibilities: Manage the English-speaking editorial team and build a team of best-in-class editorsSet up content creation schedules and ensure deadlines are adhered toResearch and write about the latest tech topics and news in relation to the Android ecosystemEnsure that the content on the site is of a consistently high qualityBe the face and voice of #URL_874846adb69d98865d05ec57ce2425d9e363ef71e0c8436e59e86a136a508716#,"Your Know-How:                                                                                                                                                               University or college degree in journalism, media or other communication studiesProfessional experience in relevant fields, e.g. online editorial, community management, tech writing…Possession of contacts within key companies in the mobile industryExperience in leading &amp; motivating small teamsPassion for the Android world, honed writing skills with a personal flair, and willingness to share your Android knowledgeStrong commitment to success and a motivating and inspiring personality.Comfortable in a dynamic startup environmentEnglish native speakerLocated in Berlin or surroundings","Your Benefits: Being part of a fast-growing company in a booming industryFast decision-making thanks to flat hierarchies and clear structuresFreedom to unfold your own ideas &amp; creativity and to take over responsibility right from the startContinued growth in a successful, international team, which thrives in a familiar, but professional, working atmosphereFree drinks, table tennis, lunch catering, Feel Good Management, team events, office dogs and more",0,1,1,Full-time,Mid-Senior level,Master's Degree,Online Media,Management,0
19,Customer Service Associate - Part Time ,"US, AZ, Phoenix",,,"Novitex Enterprise Solutions, formerly Pitney Bowes Management Services, delivers innovative document and communications management solutions that help companies around the world drive business process efficiencies, increase productivity, reduce costs and improve customer satisfaction. For almost 30 years, clients have turned to us to integrate and optimize their enterprise-wide business processes to empower employees, increase productivity and maximize results. As a trusted partner, we continually focus on delivering secure, technology-enabled document and communications solutions that improve our clients' work processes, enhance their customer interactions and drive growth.","The Customer Service Associate will be based in Phoenix, AZ. The right candidate will be an integral part of our talented team, supporting our continued growth.Responsibilities:Perform various Mail Center activities (sorting, metering, folding, inserting, delivery, pickup, etc.)Lift heavy boxes, files or paper when neededMaintain the highest levels of customer care while demonstrating a friendly and cooperative attitudeDemonstrate flexibility in satisfying customer demands in a high volume, production environmentConsistently adhere to business procedure guidelinesAdhere to all safety proceduresTake direction from supervisor or site managerMaintain all logs and reporting documentation; attention to detailParticipate in cross-training and perform other duties as assigned (Filing, outgoing shipments, etc)Operating mailing, copy or scanning equipmentShipping &amp; ReceivingHandle time-sensitive material like confidential, urgent packagesPerform other tasks as assignedScanning incoming mail to recipientsPerform file purges and pullsCreate files and ship filesProvide backfill when neededEnter information daily into spreadsheetsIdentify charges and match them to billingSort and deliver mail, small packages ","Minimum Requirements:Minimum of 6 months customer service related experience requiredHigh school diploma or equivalent (GED) requiredValid Driver's License and good driving record requiredPreferred Qualifications:Keyboarding and windows environment PC skills required (Word, Excel and PowerPoint preferred)Experience running mail posting equipment a plusExcellent communication skills both verbal and writtenLifting up to 55 lbs with or without accommodationsWillingness and availability to work additional hours if assignedWillingness to submit to a pre-employment drug screening and criminal background checkAbility to effectively work individually or in a team environmentCompetency in performing multiple functional tasksAbility to meet employer's attendance policy",,0,1,0,Part-time,Entry level,High School or equivalent,Financial Services,Customer Service,0
20,ABC,"Canberra, Australia",,100000-120000,,customer service,,bonus available,0,0,0,Full-time,Mid-Senior level,Bachelor's Degree,Information Technology and Services,Information Technology,1
21,Account Executive - Washington DC,"US, DC, Washington",Sales,,"Our passion for improving quality of life through geography is at the heart of everything we do.  Esri’s geographic information system (GIS) technology inspires and enables governments, universities and businesses worldwide to save money, lives and our environment through a deeper understanding of the changing world around them.Carefully managed growth and zero debt give Esri stability that is uncommon in today's volatile business world.  Privately held, we offer exceptional benefits, competitive salaries, 401(k) and profit-sharing programs, opportunities for personal and professional growth, and much more.","THE COMPANY: ESRI – Environmental Systems Research InstituteOur passion for improving quality of life through geography is at the heart of everything we do.  Esri’s geographic information system (GIS) technology inspires and enables governments, universities and businesses worldwide to save money, lives and our environment through a deeper understanding of the changing world around them.Carefully managed growth and zero debt give Esri stability that is uncommon in today's volatile business world.  Privately held, we offer exceptional benefits, competitive salaries, 401(k) and profit-sharing programs, opportunities for personal and professional growth, and much more.THE OPPORTUNITY: Account ExecutiveAs a member of the Sales Division, you will work collaboratively with an account team in order to sell and promote adoption of Esri’s ArcGIS platform within an organization. As part of an account team, you will be responsible for facilitating the development and execution of a set of strategies for a defined portfolio of accounts. When executing these strategies you will utilize your experience in enterprise sales to help customers leverage geospatial information and technology to achieve their business goals. Specifically…Prospect and develop opportunities to partner with key stakeholders to envision, develop, and implement a location strategy for their organizationClearly articulate the strength and value proposition of the ArcGIS platformDevelop and maintain a healthy pipeline of opportunities for business growthDemonstrate a thoughtful understanding of insightful industry knowledge and how GIS applies to initiatives, trends, and triggersUnderstand the key business drivers within an organization and identify key business stakeholdersUnderstand your customers’ budgeting and acquisition processesSuccessfully execute the account management process including account prioritization, account resourcing, and account planningSuccessfully execute the sales process for all opportunitiesLeverage and lead an account team consisting of sales and other cross-divisional resources to define and execute an account strategyEffectively utilize and leverage the CRM to manage opportunities and drive the buying processPursue professional and personal development to ensure competitive knowledge of the real estate industryLeverage social media to successfully prospect and build a professional networkParticipate in trade shows, workshops, and seminars (as required)Support visual story telling through effective whiteboard sessionsBe resourceful and takes initiative to resolve issues","EDUCATION: Bachelor’s or Master’s in GIS, business administration, or a related field, or equivalent work experience, depending on position levelEXPERIENCE: 5+ years of enterprise sales experience providing platform solutions to businessesDemonstrated experience in managing the sales cycle including prospecting, proposing, and closingAbility to adapt to new technology trends and translate them into solutions that address customer needsDemonstrated experience with strong partnerships and advocacy with customersExcellent presentation, white boarding, and negotiation skills including good listening, probing, and qualification abilitiesExperience executing insight selling methodologiesDemonstrated understanding and mitigation of competitive threatsExcellent written and verbal communication and interpersonal skillsAbility to manage and prioritize your activitiesDemonstrated experience to lead executive engagements to provide services and sell to the real estate industryKnowledge of the real estate industry fiscal year, budgeting, and procurement cycleHighly motivated team player with a mature, positive attitude and passion to meet the challenges and opportunities of a businessAbility to travel domestically and/or internationally up to 50%General knowledge of spatial analysis and problem solvingResults oriented; ability to write and craft smart, attainable, realistic, time-driven goals with clear lead indicators","Our culture is anything but corporate—we have a collaborative, creative environment; phone directories organized by first name; a relaxed dress code; and open-door policies.A Place to ThrivePassionate people who strive to make a differenceCasual dress codeFlexible work schedulesSupport for continuing educationCollege-Like CampusA network of buildings amid lush landscaping and numerous outdoor patio areasOn-site café including a Starbucks coffee bar and lounge areaFitness center available 24/7Comprehensive reference library and GIS bibliographyState-of-the-art conference center to host staff and guest speakers Green InitiativesSolar rooftop panels reduce carbon emissionsElectric vehicles provide on-campus transportationHundreds of trees reduce the cost of cooling buildings",0,1,0,Full-time,Mid-Senior level,Bachelor's Degree,Computer Software,Sales,0
22,Bill Review Manager,"US, FL, Fort Worth",,,"SpotSource Solutions LLC is a Global Human Capital Management Consulting firm headquartered in Miami, Florida. Founded in January 2012, SpotSource has created a fusion of innovative service offerings to meet the increasing demand of today’s economy. We specialize in Talent Acquisition, Staffing, and Executive Search Services across various functions and in specific industries. Global Talent Transfusion (GTT) services utilize best in practice qualification standards to deliver talent in temporary, temporary-to-hire, and permanent basis. Health Career Transition (HCT) is a subsidiary of Global Talent Transfusion and offers placement services specifically in the growing Healthcare arena. SpotSource Executive Search (SES) Consultants are special breed talent evangelists that understand how to advise and streamline the human resources process in the direction your organization requires for long term sustainability and success. Succession Planning. Leadership Development Programs. Compensation Analysis. Recruitment Process Outsourcing. All customized to best suit the needs of your business. We understand the demand for cost-effective solutions for your organization. Are you seeking a potential career transition and interested in discussing the current hiring trends and open positions? Vital Career Consulting (VCC) offers career transitional services catered specifically for the job applicant, including Resume Construction, Social Media Optimization, and Interview Coaching.Address:4100 N Powerline Rd. Ste Z3Pompano Beach FL 33073Office: #PHONE_c90b6ca89acd18d9e31ea3590b4ad76605721bc372025598fe9e1e60cf428551#","JOB TITLE: Itemization Review ManagerLOCATION: Fort Worth, TX                                                           DEPARTMENT: Itemization ReviewREPORTS TO: VP Operations                            GENERAL DESCRIPTION:Responsible for the overall aspects of Itemization Review operations: Personnel Hiring, Quality Control of Process, Workflow, monitoring the tracking of and accountability of staff regarding production standards and department expectations.DUTIES AND RESPONSIBILITIES:Oversee company’s Itemization Review department in its operationsResponsible for encouraging and reinforcing company cultureDevelops processes to better department and implements new procedures/protocols Works with Customer Service on elevated issues and provider callsImplements and Audits policy in conjunction with Policy and Payment Integrity department Monitoring quality/and quality control of results for department Responsible for ensuring overall metrics are in compliance with management and client expectationsResponsible for human resources matters directly related to department supervised (i.e. Interviewing, Hiring, Training, annual evaluations, electronic time cards, and addressing personnel issues)May create/review daily, weekly, monthly reports, invoices, logs and expensesAdditional duties/responsibilities as assigned Comply with all safety rules/regulations, in conjunction with the Injury and Illness Prevention Program (“IIPP”), as well as, maintain HIPAA complianceOccasional interaction with customers ","QUALIFICATIONS:RN license in the State of TexasDiploma or Bachelors of Science in Nursing, requiredPast managerial experience, preferred6 + years’ experience as OR NurseExperience with facility bills helpfulStrong knowledge of ICD9/CPTKnowledge of Fee Schedules, Rules and R&amp;C GuidelinesMust be able to remain poised in stressful situationsHighly Motivated, Self-StarterExceptional organizational skillsAbility to handle deadlines and proactively problem solveEffective and professional communication skillsAbility to meet or exceed Performance CompetenciesDemonstrated outstanding leadership, problem solving, and analytical skillsAbility to think and work independently, while working in an overall team environmentProficient in Microsoft Office Suite",Full Benefits Offered,0,1,1,Full-time,Mid-Senior level,Bachelor's Degree,Hospital & Health Care,Health Care Provider,0
23,Head of Content (m/f),"DE, BE, Berlin",ANDROIDPIT,20000-28000,"Founded in 2009, the Fonpit AG rose with its international web portal ANDROIDPIT to the world's largest Android community. Every month over 18 Million Android and tech enthusiasts around the world log into ANDROIDPIT , where they know they'll find the latest and most innovative information about Android and Android-Apps in 6 different languages. Our business activities consist of close collaboration with many of the world's largest tech, web and mobile companies.In 2014, APP MEDIA amended Fonpit AG’s brand portfolio. As a one-stop shop for app marketing,APP MEDIA delivers quality performance marketing for apps to give clients the most successful campaigns possible with custom concepts and sustainable results.Located in the heart of Berlin, we are constantly looking for highly motivated and success driven personalities to help ANDROIDPIT and APP MEDIA grow even further.",Your Responsibilities: Manage the English-speaking editorial team and build a team of best-in-class editorsSet up content creation schedules and ensure deadlines are adhered toResearch and write about the latest tech topics and news in relation to the Android ecosystemEnsure that the content on the site is of a consistently high qualityBe the face and voice of #URL_874846adb69d98865d05ec57ce2425d9e363ef71e0c8436e59e86a136a508716#,"Your Know-How:                                                                                                                                                               University or college degree in journalism, media or other communication studiesProfessional experience in relevant fields, e.g. online editorial, community management, tech writing…Possession of contacts within key companies in the mobile industryExperience in leading &amp; motivating small teamsPassion for the Android world, honed writing skills with a personal flair, and willingness to share your Android knowledgeStrong commitment to success and a motivating and inspiring personality.Comfortable in a dynamic startup environmentEnglish native speakerLocated in Berlin or surroundings","Your Benefits: Being part of a fast-growing company in a booming industryFast decision-making thanks to flat hierarchies and clear structuresFreedom to unfold your own ideas &amp; creativity and to take over responsibility right from the startContinued growth in a successful, international team, which thrives in a familiar, but professional, working atmosphereFree drinks, table tennis, lunch catering, Feel Good Management, team events, office dogs and more",0,1,1,Full-time,Mid-Senior level,Master's Degree,Online Media,Management,0
24,Customer Service Associate - Part Time ,"US, AZ, Phoenix",,,"Novitex Enterprise Solutions, formerly Pitney Bowes Management Services, delivers innovative document and communications management solutions that help companies around the world drive business process efficiencies, increase productivity, reduce costs and improve customer satisfaction. For almost 30 years, clients have turned to us to integrate and optimize their enterprise-wide business processes to empower employees, increase productivity and maximize results. As a trusted partner, we continually focus on delivering secure, technology-enabled document and communications solutions that improve our clients' work processes, enhance their customer interactions and drive growth.","The Customer Service Associate will be based in Phoenix, AZ. The right candidate will be an integral part of our talented team, supporting our continued growth.Responsibilities:Perform various Mail Center activities (sorting, metering, folding, inserting, delivery, pickup, etc.)Lift heavy boxes, files or paper when neededMaintain the highest levels of customer care while demonstrating a friendly and cooperative attitudeDemonstrate flexibility in satisfying customer demands in a high volume, production environmentConsistently adhere to business procedure guidelinesAdhere to all safety proceduresTake direction from supervisor or site managerMaintain all logs and reporting documentation; attention to detailParticipate in cross-training and perform other duties as assigned (Filing, outgoing shipments, etc)Operating mailing, copy or scanning equipmentShipping &amp; ReceivingHandle time-sensitive material like confidential, urgent packagesPerform other tasks as assignedScanning incoming mail to recipientsPerform file purges and pullsCreate files and ship filesProvide backfill when neededEnter information daily into spreadsheetsIdentify charges and match them to billingSort and deliver mail, small packages ","Minimum Requirements:Minimum of 6 months customer service related experience requiredHigh school diploma or equivalent (GED) requiredValid Driver's License and good driving record requiredPreferred Qualifications:Keyboarding and windows environment PC skills required (Word, Excel and PowerPoint preferred)Experience running mail posting equipment a plusExcellent communication skills both verbal and writtenLifting up to 55 lbs with or without accommodationsWillingness and availability to work additional hours if assignedWillingness to submit to a pre-employment drug screening and criminal background checkAbility to effectively work individually or in a team environmentCompetency in performing multiple functional tasksAbility to meet employer's attendance policy",,0,1,0,Part-time,Entry level,High School or equivalent,Financial Services,Customer Service,0
25,ABC,"Canberra, Australia",,100000-120000,,customer service,,bonus available,0,0,0,Full-time,Mid-Senior level,Bachelor's Degree,Information Technology and Services,Information Technology,1
26,Account Executive - Washington DC,"US, DC, Washington",Sales,,"Our passion for improving quality of life through geography is at the heart of everything we do.  Esri’s geographic information system (GIS) technology inspires and enables governments, universities and businesses worldwide to save money, lives and our environment through a deeper understanding of the changing world around them.Carefully managed growth and zero debt give Esri stability that is uncommon in today's volatile business world.  Privately held, we offer exceptional benefits, competitive salaries, 401(k) and profit-sharing programs, opportunities for personal and professional growth, and much more.","THE COMPANY: ESRI – Environmental Systems Research InstituteOur passion for improving quality of life through geography is at the heart of everything we do.  Esri’s geographic information system (GIS) technology inspires and enables governments, universities and businesses worldwide to save money, lives and our environment through a deeper understanding of the changing world around them.Carefully managed growth and zero debt give Esri stability that is uncommon in today's volatile business world.  Privately held, we offer exceptional benefits, competitive salaries, 401(k) and profit-sharing programs, opportunities for personal and professional growth, and much more.THE OPPORTUNITY: Account ExecutiveAs a member of the Sales Division, you will work collaboratively with an account team in order to sell and promote adoption of Esri’s ArcGIS platform within an organization. As part of an account team, you will be responsible for facilitating the development and execution of a set of strategies for a defined portfolio of accounts. When executing these strategies you will utilize your experience in enterprise sales to help customers leverage geospatial information and technology to achieve their business goals. Specifically…Prospect and develop opportunities to partner with key stakeholders to envision, develop, and implement a location strategy for their organizationClearly articulate the strength and value proposition of the ArcGIS platformDevelop and maintain a healthy pipeline of opportunities for business growthDemonstrate a thoughtful understanding of insightful industry knowledge and how GIS applies to initiatives, trends, and triggersUnderstand the key business drivers within an organization and identify key business stakeholdersUnderstand your customers’ budgeting and acquisition processesSuccessfully execute the account management process including account prioritization, account resourcing, and account planningSuccessfully execute the sales process for all opportunitiesLeverage and lead an account team consisting of sales and other cross-divisional resources to define and execute an account strategyEffectively utilize and leverage the CRM to manage opportunities and drive the buying processPursue professional and personal development to ensure competitive knowledge of the real estate industryLeverage social media to successfully prospect and build a professional networkParticipate in trade shows, workshops, and seminars (as required)Support visual story telling through effective whiteboard sessionsBe resourceful and takes initiative to resolve issues","EDUCATION: Bachelor’s or Master’s in GIS, business administration, or a related field, or equivalent work experience, depending on position levelEXPERIENCE: 5+ years of enterprise sales experience providing platform solutions to businessesDemonstrated experience in managing the sales cycle including prospecting, proposing, and closingAbility to adapt to new technology trends and translate them into solutions that address customer needsDemonstrated experience with strong partnerships and advocacy with customersExcellent presentation, white boarding, and negotiation skills including good listening, probing, and qualification abilitiesExperience executing insight selling methodologiesDemonstrated understanding and mitigation of competitive threatsExcellent written and verbal communication and interpersonal skillsAbility to manage and prioritize your activitiesDemonstrated experience to lead executive engagements to provide services and sell to the real estate industryKnowledge of the real estate industry fiscal year, budgeting, and procurement cycleHighly motivated team player with a mature, positive attitude and passion to meet the challenges and opportunities of a businessAbility to travel domestically and/or internationally up to 50%General knowledge of spatial analysis and problem solvingResults oriented; ability to write and craft smart, attainable, realistic, time-driven goals with clear lead indicators","Our culture is anything but corporate—we have a collaborative, creative environment; phone directories organized by first name; a relaxed dress code; and open-door policies.A Place to ThrivePassionate people who strive to make a differenceCasual dress codeFlexible work schedulesSupport for continuing educationCollege-Like CampusA network of buildings amid lush landscaping and numerous outdoor patio areasOn-site café including a Starbucks coffee bar and lounge areaFitness center available 24/7Comprehensive reference library and GIS bibliographyState-of-the-art conference center to host staff and guest speakers Green InitiativesSolar rooftop panels reduce carbon emissionsElectric vehicles provide on-campus transportationHundreds of trees reduce the cost of cooling buildings",0,1,0,Full-time,Mid-Senior level,Bachelor's Degree,Computer Software,Sales,0
27,Bill Review Manager,"US, FL, Fort Worth",,,"SpotSource Solutions LLC is a Global Human Capital Management Consulting firm headquartered in Miami, Florida. Founded in January 2012, SpotSource has created a fusion of innovative service offerings to meet the increasing demand of today’s economy. We specialize in Talent Acquisition, Staffing, and Executive Search Services across various functions and in specific industries. Global Talent Transfusion (GTT) services utilize best in practice qualification standards to deliver talent in temporary, temporary-to-hire, and permanent basis. Health Career Transition (HCT) is a subsidiary of Global Talent Transfusion and offers placement services specifically in the growing Healthcare arena. SpotSource Executive Search (SES) Consultants are special breed talent evangelists that understand how to advise and streamline the human resources process in the direction your organization requires for long term sustainability and success. Succession Planning. Leadership Development Programs. Compensation Analysis. Recruitment Process Outsourcing. All customized to best suit the needs of your business. We understand the demand for cost-effective solutions for your organization. Are you seeking a potential career transition and interested in discussing the current hiring trends and open positions? Vital Career Consulting (VCC) offers career transitional services catered specifically for the job applicant, including Resume Construction, Social Media Optimization, and Interview Coaching.Address:4100 N Powerline Rd. Ste Z3Pompano Beach FL 33073Office: #PHONE_c90b6ca89acd18d9e31ea3590b4ad76605721bc372025598fe9e1e60cf428551#","JOB TITLE: Itemization Review ManagerLOCATION: Fort Worth, TX                                                           DEPARTMENT: Itemization ReviewREPORTS TO: VP Operations                            GENERAL DESCRIPTION:Responsible for the overall aspects of Itemization Review operations: Personnel Hiring, Quality Control of Process, Workflow, monitoring the tracking of and accountability of staff regarding production standards and department expectations.DUTIES AND RESPONSIBILITIES:Oversee company’s Itemization Review department in its operationsResponsible for encouraging and reinforcing company cultureDevelops processes to better department and implements new procedures/protocols Works with Customer Service on elevated issues and provider callsImplements and Audits policy in conjunction with Policy and Payment Integrity department Monitoring quality/and quality control of results for department Responsible for ensuring overall metrics are in compliance with management and client expectationsResponsible for human resources matters directly related to department supervised (i.e. Interviewing, Hiring, Training, annual evaluations, electronic time cards, and addressing personnel issues)May create/review daily, weekly, monthly reports, invoices, logs and expensesAdditional duties/responsibilities as assigned Comply with all safety rules/regulations, in conjunction with the Injury and Illness Prevention Program (“IIPP”), as well as, maintain HIPAA complianceOccasional interaction with customers ","QUALIFICATIONS:RN license in the State of TexasDiploma or Bachelors of Science in Nursing, requiredPast managerial experience, preferred6 + years’ experience as OR NurseExperience with facility bills helpfulStrong knowledge of ICD9/CPTKnowledge of Fee Schedules, Rules and R&amp;C GuidelinesMust be able to remain poised in stressful situationsHighly Motivated, Self-StarterExceptional organizational skillsAbility to handle deadlines and proactively problem solveEffective and professional communication skillsAbility to meet or exceed Performance CompetenciesDemonstrated outstanding leadership, problem solving, and analytical skillsAbility to think and work independently, while working in an overall team environmentProficient in Microsoft Office Suite",Full Benefits Offered,0,1,1,Full-time,Mid-Senior level,Bachelor's Degree,Hospital & Health Care,Health Care Provider,0
28,Head of Content (m/f),"DE, BE, Berlin",ANDROIDPIT,20000-28000,"Founded in 2009, the Fonpit AG rose with its international web portal ANDROIDPIT to the world's largest Android community. Every month over 18 Million Android and tech enthusiasts around the world log into ANDROIDPIT , where they know they'll find the latest and most innovative information about Android and Android-Apps in 6 different languages. Our business activities consist of close collaboration with many of the world's largest tech, web and mobile companies.In 2014, APP MEDIA amended Fonpit AG’s brand portfolio. As a one-stop shop for app marketing,APP MEDIA delivers quality performance marketing for apps to give clients the most successful campaigns possible with custom concepts and sustainable results.Located in the heart of Berlin, we are constantly looking for highly motivated and success driven personalities to help ANDROIDPIT and APP MEDIA grow even further.",Your Responsibilities: Manage the English-speaking editorial team and build a team of best-in-class editorsSet up content creation schedules and ensure deadlines are adhered toResearch and write about the latest tech topics and news in relation to the Android ecosystemEnsure that the content on the site is of a consistently high qualityBe the face and voice of #URL_874846adb69d98865d05ec57ce2425d9e363ef71e0c8436e59e86a136a508716#,"Your Know-How:                                                                                                                                                               University or college degree in journalism, media or other communication studiesProfessional experience in relevant fields, e.g. online editorial, community management, tech writing…Possession of contacts within key companies in the mobile industryExperience in leading &amp; motivating small teamsPassion for the Android world, honed writing skills with a personal flair, and willingness to share your Android knowledgeStrong commitment to success and a motivating and inspiring personality.Comfortable in a dynamic startup environmentEnglish native speakerLocated in Berlin or surroundings","Your Benefits: Being part of a fast-growing company in a booming industryFast decision-making thanks to flat hierarchies and clear structuresFreedom to unfold your own ideas &amp; creativity and to take over responsibility right from the startContinued growth in a successful, international team, which thrives in a familiar, but professional, working atmosphereFree drinks, table tennis, lunch catering, Feel Good Management, team events, office dogs and more",0,1,1,Full-time,Mid-Senior level,Master's Degree,Online Media,Management,0
29,Customer Service Associate - Part Time ,"US, AZ, Phoenix",,,"Novitex Enterprise Solutions, formerly Pitney Bowes Management Services, delivers innovative document and communications management solutions that help companies around the world drive business process efficiencies, increase productivity, reduce costs and improve customer satisfaction. For almost 30 years, clients have turned to us to integrate and optimize their enterprise-wide business processes to empower employees, increase productivity and maximize results. As a trusted partner, we continually focus on delivering secure, technology-enabled document and communications solutions that improve our clients' work processes, enhance their customer interactions and drive growth.","The Customer Service Associate will be based in Phoenix, AZ. The right candidate will be an integral part of our talented team, supporting our continued growth.Responsibilities:Perform various Mail Center activities (sorting, metering, folding, inserting, delivery, pickup, etc.)Lift heavy boxes, files or paper when neededMaintain the highest levels of customer care while demonstrating a friendly and cooperative attitudeDemonstrate flexibility in satisfying customer demands in a high volume, production environmentConsistently adhere to business procedure guidelinesAdhere to all safety proceduresTake direction from supervisor or site managerMaintain all logs and reporting documentation; attention to detailParticipate in cross-training and perform other duties as assigned (Filing, outgoing shipments, etc)Operating mailing, copy or scanning equipmentShipping &amp; ReceivingHandle time-sensitive material like confidential, urgent packagesPerform other tasks as assignedScanning incoming mail to recipientsPerform file purges and pullsCreate files and ship filesProvide backfill when neededEnter information daily into spreadsheetsIdentify charges and match them to billingSort and deliver mail, small packages ","Minimum Requirements:Minimum of 6 months customer service related experience requiredHigh school diploma or equivalent (GED) requiredValid Driver's License and good driving record requiredPreferred Qualifications:Keyboarding and windows environment PC skills required (Word, Excel and PowerPoint preferred)Experience running mail posting equipment a plusExcellent communication skills both verbal and writtenLifting up to 55 lbs with or without accommodationsWillingness and availability to work additional hours if assignedWillingness to submit to a pre-employment drug screening and criminal background checkAbility to effectively work individually or in a team environmentCompetency in performing multiple functional tasksAbility to meet employer's attendance policy",,0,1,0,Part-time,Entry level,High School or equivalent,Financial Services,Customer Service,0
30,ABC,"Canberra, Australia",,100000-120000,,customer service,,bonus available,0,0,0,Full-time,Mid-Senior level,Bachelor's Degree,Information Technology and Services,Information Technology,1